Review Number,Recommendation
2,"Acknowledge request, provide update"
3,"Acknowledge appreciation, encourage continued usage"
4,"Investigate account issue, apologize, offer solution"
5,"Investigate account transfer issues"
6,"Design fix: improve button placement"
7,"Review account opening process"
8,"Thank you for the feedback. Consider enhancing account accessibility."
9,"Revisit UI/UX design for smoother user experience"
10,"Acknowledge and thank for positive feedback, encourage more users to share their experience."
11,"Investigate payee management feedback"
12,"Acknowledge feedback, thank user"
13,"Investigate app lag issue"
14,"Acknowledge and thank for valuable feedback"
15,"Investigate security issue request"
16,"Thank you for your feedback. Consider implementing suggested design improvements."
17,"Design consultation with user feedback"
18,"Acknowledge and thank for positive feedback"
19,"Thank user for feedback, enhance features"
20,"Acknowledge and thank for feedback"
21,"Investigate account access issues"
22,"Thank user for feedback, consider implementing suggested feature."
23,"Acknowledge opinion, thank for feedback"
24,"Investigate and resolve reported feature issue"
25,"Investigate, Add Feature Request"
26,"Ask for specific feature suggestions"
27,"Thank you for the positive feedback on account opening process, we will continue improving it."
28,"Review sign-up process feedback"
29,"Thank user for feedback, consider implementing suggested feature"
30,"Follow up on sign-up request"
31,"Investigate sign-up problems"
32,"Thank you for your positive feedback on UI/UX design. Keep it up!"
33,"Send welcome email with next steps"
34,"Thank you for your feedback. Share design ideas."
35,"Thank you for your positive feedback on UI/UX design."
36,"Investigate linking issue with Grab"
37,"Acknowledge issue and provide resolution"
38,"Revisit goal setting interface"
39,"Address user feedback for smoother app launch"
40,"Review ad transparency guidelines"
41,"Review interest rate formula"
42,"Acknowledge success, ask for more suggestions"
43,"Thank you for your feedback. Continue refining UI/UX."
44,"Thank the user for their positive feedback, consider using their design suggestion."
45,"Thank user, continue engagement"
46,"Thank user for feedback, consider implementing suggested feature."
47,"Request security feedback"
48,"Design overhaul based on user feedback"
49,"Thank you for your positive feedback. Share design insights."
50,"Thank you for your positive feedback! Share your insights with our development team."
51,"Thank user for feedback, continue transparency efforts"
52,"Investigate and resolve issue with app security"
53,"Thank you for your positive feedback on UI/UX design. Consider sharing specific design elements for improvement."
54,"Investigate user feedback for app improvements"
55,"Investigate issue with app functionality"
56,"Thank user for positive feedback, improve account opening process"
57,"Acknowledge and thank for feedback, ask for more design ideas."
58,"Thank user for feedback, implement suggestion"
59,"Acknowledge and process request"
60,"Investigate performance issues"
61,"Revisit design for better user experience"
62,"Design fixes for UI/UX issues reported"
63,"Thank user for feedback, ask for more details"
64,"Thank you for your feedback, we'll keep improving."
65,"Thank you for your positive feedback on our customer service."
66,"Thank you for the positive feedback on interest rates. Continue enhancing this feature."
67,"Investigate and resolve issue with app feature"
68,"Thank you for your positive feedback on UI/UX design. Consider sharing specific design ideas."
69,"Investigate account issue promptly"
70,"Investigate account issue"
71,"Investigate, Improve App Stability"
72,"Investigate, Improve App Stability"
73,"Improve login security"
74,"Resolve account issue promptly"
75,"Investigate loan processing delay"
76,"Investigate loan application issue"
77,"Investigate app access issues"
78,"Investigate high interest rate issue"
79,"Troubleshoot technical issue"
80,"Investigate issue, prioritize fix"
81,"Thank user for feedback, continue enhancing security features"
82,"Investigate and resolve technical issues"
83,"Investigate and resolve account issue promptly"
84,"Thank user for feedback, consider implementing suggested feature"
85,"Investigate account opening issue"
86,"Revisit design for better user experience"
87,"Investigate account opening issue"
88,"Investigate and resolve app issue"
89,"Thank you for the constructive feedback. We'll consider your suggestions for future UI/UX improvements."
90,"Investigate account opening issue"
91,"Acknowledge appreciation, ask for referral"
92,"Investigate account opening glitch"
93,"Investigate customer concerns, improve response time"
94,"Thank user for feedback, consider implementing suggestion"
95,"Review feedback with team, potential policy change"
96,"Investigate, Fix App Issue"
97,"Investigate account opening issue"
98,"Investigate and resolve the issue causing inconvenience"
99,"Acknowledge resolution, thank for feedback"
100,"Investigate account opening issue"
101,"Design fixes for UI/UX issues"
102,"Thank you for your feedback! Share it with our team."
103,"Investigate and resolve account issue"
104,"Investigate issue with accurate interest rate calculation"
105,"Improve app features"
106,"Review account management process"
107,"Acknowledge and thank for positive opinion on technical issues"
108,"Investigate account management issue"
109,"Investigate account opening issues, improve process"
110,"Investigate reported UI issue"
111,"Thank you for your valuable feedback. Share it with our development team."
112,"Investigate account access issue"
113,"Thank user for feedback, consider usability improvements"
114,"Investigate account access issue"
115,"Investigate app authentication issues"
116,"Thank you for your feedback. Continue enhancing savings features."
117,"Thank user for feedback, continue improving usability."
118,"Investigate billing issue, improve feedback process"
119,"Identify, isolate, and fix usability issues"
120,"Investigate savings issue"
121,"Review account access feedback"
122,"Request usability improvements"
123,"Ask for specific improvement suggestions"
124,"Investigate issue and provide fix"
125,"Review customer service training"
126,"Investigate credit card processing issues"
127,"Investigate issue with Customer Service"
128,"Investigate and resolve account access issue"
129,"Investigate transaction issue"
130,"Investigate and resolve issue promptly"
131,"Thank you for your positive feedback on account access."
132,"Investigate issue with customer service response."
133,"Investigate rewards issue"
134,"Acknowledge resolution, thank user"
135,"Acknowledge feedback, thank user"
136,"Investigate account access issue"
137,"Investigate transaction issue"
138,"Thank you for your positive feedback! Share your insights with our development team."
139,"Investigate issue with customer service interaction"
140,"Revisit design for smoother user experience"
141,"Investigate app functionality issue"
142,"Investigate issue promptly"
143,"Investigate usability issue"
144,"Ask for specific improvements"
145,"Investigate account access issue"
146,"Review credit card fees with customer"
147,"Usability tests for improved navigation"
148,"Investigate user complaints about customer service"
149,"Thank user for feedback, continue enhancing credit card services"
150,"Request more specific feedback"
151,"Investigate account access issues based on user feedback"
152,"Investigate user concern, enhance credit card services"
153,"Investigate usability issue"
154,"Investigate issue with customer service interaction"
155,"Investigate account access issue"
156,"Investigate transaction dispute"
157,"Investigate issue with customer service"
158,"Investigate transaction discrepancy"
159,"Investigate issue with customer service interaction"
160,"Investigate credit card glitch"
161,"Review case with CS team"
162,"Investigate issue with credit card service"
163,"Investigate user issue"
164,"Investigate issue with credit card services"
165,"Review response, offer assistance"
166,"Investigate transaction dispute"
167,"Investigate issue with customer service response"
168,"Investigate issue with credit card services"
169,"Investigate issue with customer service interaction"
170,"Investigate transaction dispute"
171,"Investigate issue with CS interaction."
172,"Investigate transaction issue"
173,"Investigate issue with customer service interaction"
174,"Investigate credit card transaction issue"
175,"Investigate issue, contact user"
176,"Investigate transaction issue"
177,"Investigate issue with customer service"
178,"Investigate transaction dispute"
179,"Investigate issue with customer service interaction"
180,"Investigate issue with credit card services"
181,"Investigate issue with customer service interaction"
182,"Thank you for sharing your positive opinion."
183,"Investigate application delay issue"
184,"Investigate account opening issue"
185,"Improve account opening process"
186,"Investigate and resolve performance issue"
187,"Investigate performance issues"
188,"Investigate credit card issue"
189,"Investigate issue, improve app stability"
190,"Investigate login issue, prioritize fix."
191,"Investigate login issues, improve user experience"
192,"Identify and fix app crash issue"
193,"Investigate application issue"
194,"Investigate application issue"
195,"Investigate user feedback, improve savings features"
196,"Investigate application processing delay"
197,"Investigate account issue promptly"
198,"Investigate payment issue with credit card provider"
199,"Improve app navigation based on user feedback"
200,"Investigate credit card payment notifications issue"
201,"Investigate account opening issue"
202,"Investigate app issue"
203,"Investigate login issue, provide resolution"
204,"Investigate app crash issue"
205,"Investigate issue, contact affected users"
206,"Investigate application issue"
207,"Investigate issue, prioritize fix"
208,"Improve application process feedback"
209,"Investigate late payment issue"
210,"Investigate redemption issue"
211,"Investigate login problems, improve user experience"
212,"Review agent training"
213,"Review feedback for improvements"
214,"Investigate application issues"
215,"Investigate issue, prioritize fix"
216,"Investigate app issue, reach out to user"
217,"Investigate issue, provide solution"
218,"Review application process"
219,"Investigate account issue promptly"
220,"Investigate credit card payment issue"
221,"Investigate login issues urgently"
222,"Investigate and resolve issue promptly"
223,"Investigate payment issue, improve user experience"
224,"Investigate and fix performance issues"
225,"Investigate login problem urgently"
226,"Investigate account opening issues"
227,"Investigate payment issue, improve user experience"
228,"Investigate notification bugs"
229,"Investigate and resolve app crashes issue"
230,"Investigate account opening issue"
231,"Investigate issue, prioritize fix"
232,"Investigate issue, offer solution"
233,"Investigate account opening process issues"
234,"Investigate application issue"
235,"Investigate and resolve issue with Savings Account features"
236,"Investigate technical issue, prioritize fix."
237,"Investigate issue with Savings Account Features"
238,"Investigate app bugs, improve performance"
239,"Investigate payment issue"
240,"Investigate navigation issue"
241,"Investigate login problems urgently"
242,"Investigate account opening issue"
243,"Review application process improvements"
244,"Investigate performance issue"
245,"Investigate account opening process issues"
246,"Investigate and resolve technical issue"
247,"Investigate issue, prioritize fix"
248,"Investigate issue, provide solution"
249,"Investigate credit card application delays"
250,"Investigate technical issue, prioritize fix"
251,"Investigate login issue"
252,"Investigate issue, provide resolution"
253,"Investigate and resolve notification issue"
254,"Thank user for feedback, consider enhancing rewards"
255,"Thank user for positive feedback, ask for expansion on account opening process improvements"
256,"Acknowledge appreciation, request more feedback"
257,"Investigate reward point discrepancies"
258,"Investigate login issue promptly"
259,"Thank you for your positive feedback on account security. Keep enhancing."
260,"Investigate issue and provide resolution"
261,"Investigate issue with Savings Account Features"
262,"Acknowledge issue, offer resolution"
263,"Investigate rewards program issues"
264,"Investigate rewards program issues"
265,"Improve onboarding process"
266,"Investigate payment issue"
267,"Investigate app lag issue"
268,"Investigate reward glitch"
269,"Investigate and resolve functionality issue"
270,"Investigate issue, provide solution"
271,"Investigate rewards glitch"
272,"Investigate app lag issue"
273,"Thank you for your positive feedback on account opening. Keep improving."
274,"Investigate app crashes, improve performance"
275,"Investigate issue, prioritize fix"
276,"Investigate issue promptly"
277,"Investigate issue mentioned"
278,"Investigate reward issue promptly"
279,"Investigate issue, prioritize fix."
280,"Improve onboarding process"
281,"Investigate Savings Account bug"
282,"Functionality Review Analysis"
283,"Investigate issue, provide solution"
284,"Investigate reward points discrepancy"
285,"Investigate issue and respond promptly"
286,"Investigate issue, provide solution"
287,"Investigate reward point discrepancy"
288,"Investigate and resolve rewards program issue"
289,"Investigate app bug"
290,"Investigate performance issues, optimize app"
291,"Investigate and resolve technical issue"
292,"Investigate reward points issue"
293,"Investigate and resolve functionality issue"
294,"Investigate issue with customer service interaction"
295,"Investigate issue, provide solution"
296,"Investigate rewards program issue"
297,"Investigate functionality issue"
298,"Investigate performance issue"
299,"Investigate account opening issue"
300,"Investigate issue, provide solution"
301,"Investigate rewards program issue"
302,"Investigate account opening issue"
303,"Investigate issue, provide resolution"
304,"Investigate and resolve functionality issue"
305,"Investigate rewards glitch issue"
306,"Investigate issue and provide solution"
307,"Investigate rewards program issue"
308,"Investigate account opening issue"
309,"Investigate customer concern"
310,"Investigate app crashes, improve performance."
311,"Investigate issue, provide solution"
312,"Investigate rewards glitch"
313,"Request for more features feedback"
314,"Investigate issue, provide update"
315,"Investigate rewards program glitch"
316,"Investigate app bugs"
317,"Investigate issue with customer service interaction"
318,"Investigate issue, provide solution"
319,"Investigate rewards program glitch"
320,"Investigate account opening problem"
321,"Thank user for feedback, ask for more suggestions."
322,"Investigate application processing delays"
323,"Thank you for your positive feedback on UI/UX design."
324,"Thank user for feedback, continue improving FX services"
325,"Acknowledge & Thank for Feedback in Rewards Program"
326,"Investigate account opening issue"
327,"Investigate issue, prioritize fix"
328,"Acknowledge and thank for positive feedback"
329,"Design improvements based on user feedback"
330,"Investigate application issue"
331,"Investigate technical issue reported"
332,"Investigate Family Sharing issue"
333,"Investigate reported feedback on technical issues"
334,"Thank you for your positive feedback on payment process. Consider enhancing this feature further."
335,"Thank user for feedback, improve app stability"
336,"Investigate rewards program issue"
337,"Acknowledge and thank for feedback, consider implementation"
338,"Thank you for your feedback. Share design ideas."
339,"Investigate and resolve technical issue"
340,"Investigate issue promptly"
341,"Investigate app crashes, provide fixes"
342,"Review response, offer solution"
343,"Investigate card usage issues and communicate resolution."
344,"Investigate UI issue reported"
345,"Investigate issue, prioritize fix"
346,"Investigate and resolve technical issue"
347,"Investigate issue, ensure quick resolution"
348,"Investigate issue promptly"
349,"Investigate card transaction issue"
350,"Investigate app instability issues"
351,"Investigate technical issue, prioritize fix"
352,"Investigate, Improve App Performance"
353,"Investigate and resolve technical issue"
354,"Investigate and resolve technical issue"
355,"Investigate and resolve technical issue"
356,"Investigate technical issue"
357,"Investigate issue, prioritize fix"
358,"Investigate issue, provide solution"
359,"Investigate issue, provide update"
360,"Investigate tech issue, gather logs"
361,"Investigate and resolve technical issue"
362,"Investigate technical issue promptly"
363,"Investigate and resolve technical issue"
364,"Investigate issue, provide solution"
365,"Investigate and resolve technical issue"
366,"Investigate and resolve technical issue"
367,"Investigate issue with app crashes"
368,"Investigate technical issue, prioritize fix"
369,"Investigate technical issue"
370,"Investigate and resolve technical issue"
371,"Investigate technical issue reported"
372,"Investigate app crash issue"
373,"Investigate app crashes, provide solution"
374,"Review technical logs, improve app stability"
375,"Investigate technical issue"
376,"Investigate issue, provide solution"
377,"Investigate, Resolve technical issue"
378,"Investigate and resolve technical issue"
379,"Investigate and resolve technical issue"
380,"Investigate technical issue urgently"
381,"Investigate app crash issue"
382,"Investigate app crash issue"
383,"Investigate issue, provide resolution"
384,"Investigate and resolve technical issue"
385,"Investigate app crash issue urgently"
386,"Investigate app crashes, gather user logs"
387,"Investigate and resolve technical issue"
388,"Investigate and resolve technical issue"
389,"Investigate technical issue"
390,"Investigate and resolve technical issue"
391,"Investigate technical issue"
392,"Investigate and address technical issues promptly."
393,"Investigate exchange rate issue"
394,"Investigate UI improvements"
395,"Investigate issue, ensure quick resolution"
396,"Thank user for positive feedback"
397,"Investigate issue, provide resolution"
398,"Investigate UI improvements based on user feedback"
399,"Investigate technical issue urgently"
400,"Investigate UI glitch report"
401,"Thank user for positive feedback, encourage more."
402,"Investigate UI bug"
403,"Investigate technical issue, gather more info"
404,"Thank you for your valuable feedback. Share more design ideas."
405,"Investigate and resolve technical issue"
406,"Revisit design for better user experience"
407,"Investigate technical issues, gather user feedback"
408,"Investigate UI issue"
409,"Investigate tech issue, gather details, provide update"
410,"Improve UI design based on user feedback"
411,"Investigate issue, provide resolution"
412,"Investigate UI glitches"
413,"Investigate technical issue reported"
414,"Investigate UI bug"
415,"Investigate technical issue urgently"
416,"Investigate UI design issues"
417,"Investigate and resolve tech issue urgently"
418,"Gather more user feedback, improve UX design"
419,"Investigate and resolve technical issue"
420,"Investigate UI bug issue"
421,"Investigate app crash issue"
422,"Investigate UI bug"
423,"Investigate technical glitch, gather more user feedback"
424,"Investigate UI bug"
425,"Investigate technical issue urgently"
426,"Investigate UI bug"
427,"Investigate and fix issue"
428,"Investigate UI bug"
429,"Investigate technical issue reported"
430,"Investigate UI bug"
431,"Investigate app crash issue"
432,"Investigate UI bug reported"
433,"Investigate and resolve technical issue"
434,"Investigate UI bug"
435,"Investigate app bug"
436,"Investigate UI bug"
437,"Investigate reported issue, prioritize fix"
438,"Investigate UI bug"
439,"Investigate technical issue reported"
440,"Investigate UI bug"
441,"Investigate issue, prioritize fix."
442,"Review UI improvements"
443,"Investigate issue, prioritize fix"
444,"Investigate UI bug"
445,"Investigate and resolve technical issue"
446,"Investigate UI glitches"
447,"Investigate technical issue, gather logs"
448,"Investigate UI bug"
449,"Investigate and resolve technical issue"
450,"Investigate UI glitch"
451,"Investigate and resolve technical issues"
452,"Investigate UX issue"
453,"Investigate technical issue, gather user feedback"
454,"Investigate UI bug"
455,"Investigate and resolve technical issue"
456,"Review UI design improvements"
457,"Investigate technical issue, improve stability"
458,"Investigate UI bug"
459,"Investigate technical issue"
460,"Investigate UI issue reported"
461,"Investigate technical issue, gather details, provide solution"
462,"Thank the user for their positive opinion"
463,"Investigate issue, prioritize fix"
464,"Investigate UI improvement"
465,"Acknowledge and thank for positive feedback"
466,"Thank user for feedback, enhance rewards program"
467,"Investigate and resolve technical issue"
468,"Investigate technical issue promptly"
469,"Investigate and address technical issues"
470,"Thank user for feedback, improve app stability"
471,"Investigate, Report, Fix, Communicate, Apologize"
472,"Investigate technical issue"
473,"Investigate app crash issue"
474,"Investigate and resolve technical issue"
475,"Investigate and resolve technical issue"
476,"Investigate technical issue, improve app stability"
477,"Investigate and resolve technical issue"
478,"Investigate technical issue urgently"
479,"Investigate technical glitch"
480,"Investigate issue, prioritize fix"
481,"Investigate technical glitch, prioritize fix"
482,"Investigate rewards system issue"
483,"Investigate app crash issue"
484,"Investigate, Improve App Stability"
485,"Investigate app crashes, improve stability"
486,"Investigate technical issue promptly"
487,"Investigate issue promptly"
488,"Investigate app bug"
489,"Investigate technical issue, gather details, communicate solution"
490,"Investigate technical issue reported"
491,"Investigate technical issue"
492,"Investigate technical issue"
493,"Investigate issue, provide resolution"
494,"Investigate and fix identified technical issues"
495,"Investigate technical issue reported"
496,"Investigate tech issue, improve app stability"
497,"Investigate technical glitch, communicate resolution"
498,"Investigate reported technical issue"
499,"Thank you for your valuable feedback! Share more insights."
500,"Investigate issue, prioritize fix"
501,"Investigate and resolve technical issue"
502,"Gather more feedback on specific technical issues"
503,"Investigate and fix identified technical issues"
504,"Investigate technical issue promptly"
505,"Investigate issue, prioritize fix"
506,"Investigate issue, prioritize fix"
507,"Investigate issue, provide update"
508,"Investigate and fix technical glitches"
509,"Investigate, Report, Fix, Notify, Apologize"
510,"Investigate and resolve technical issue"
511,"Investigate issue, prioritize fix"
512,"Investigate, Address Tech Issue, User Feedback"
513,"Review technical issues with developers"
514,"Investigate and resolve technical issue"
515,"Investigate bug report"
516,"Investigate app crashes, improve stability"
517,"Investigate and resolve technical issue"
518,"Investigate technical issue, prioritize fix"
519,"Investigate, then improve app stability"
520,"Investigate technical issue"
521,"Investigate technical issue urgently"
522,"Investigate and resolve technical issue"
523,"Investigate, then address technical issues reported"
524,"Investigate issue, prioritize fix"
525,"Investigate reported issue, communicate resolution"
526,"Investigate and resolve technical issue"
527,"Investigate and resolve technical issue"
528,"Investigate issue, provide solution"
529,"Investigate technical issue, provide resolution"
530,"Investigate issue, offer solution"
531,"Investigate and resolve technical issue"
532,"Investigate UX issue"
533,"Investigate issue, prioritize fix"
534,"Thank user for valuable feedback, enhance UX accordingly"
535,"Investigate and resolve technical issue"
536,"Acknowledge & Thank for Feedback on Rewards"
537,"Investigate issue, prioritize fix"
538,"Investigate technical issue promptly"
539,"Thank user for feedback, investigate issue further"
540,"Investigate, Improve, Report Back"
541,"Investigate and resolve technical issue"
542,"Investigate, Resolve Technical Issue"
543,"Investigate technical issue, gather more details, and provide solution"
544,"Thank user for feedback, ask for more details"
545,"Thank you for sharing your positive feedback about technical issues. Consider sharing potential solutions for other users."
546,"Investigate and resolve technical issue"
547,"Investigate issue promptly"
548,"Investigate technical glitch, prioritize fix"
549,"Investigate technical issue, gather details, provide resolution"
550,"Investigate and resolve technical issue"
551,"Investigate and resolve tech issue"
552,"Thank user for feedback, improve app stability"
553,"Investigate and fix identified technical issues"
554,"Investigate technical problem"
555,"Investigate and fix technical glitches"
556,"Thank user for feedback, ask for more details"
557,"Investigate technical issue promptly"
558,"Investigate issue, gather logs"
559,"Investigate technical issue, gather info, provide solution"
560,"Investigate technical issue, prioritize fix"
561,"Investigate issue, prioritize fix"
562,"Investigate technical issue, gather logs"
563,"Thank user for feedback, improve app stability"
564,"Investigate technical issue"
565,"Investigate technical issue"
566,"Investigate and resolve technical issue"
567,"Investigate issue promptly"
568,"Investigate and resolve technical issue"
569,"Investigate issue promptly"
570,"Investigate technical glitch, prioritize fix"
571,"Investigate and resolve technical issue"
572,"Investigate app error, provide resolution"
573,"Investigate technical issue, gather logs for review"
574,"Thank you for the valuable feedback. Share with dev team."
575,"Investigate issue, provide resolution"
576,"Thank user for constructive feedback, improve app stability"
577,"Investigate tech issue, gather details, communicate solution"
578,"Investigate issue promptly"
579,"Investigate issue, prioritize fix"
580,"Investigate technical bug"
581,"Gather more feedback on app performance"
582,"Investigate and resolve technical issue"
583,"Investigate and resolve technical issue"
584,"Thank user for feedback, ask for more details"
585,"Investigate app crash issue"
586,"Investigate technical issue urgently"
587,"Investigate and resolve technical issue"
588,"Investigate app bug"
589,"Thank user for feedback, request more details"
590,"Investigate technical glitch, prioritize fix"
591,"Investigate technical issue"
592,"Investigate issue, prioritize fix"
593,"Investigate technical problem"
594,"Investigate technical glitch"
595,"Investigate and resolve technical issue promptly"
596,"Investigate and resolve technical issue"
597,"Thank user for feedback, ask for more details"
598,"Investigate and fix technical issues"
599,"Thank user for feedback, continue improving app"
600,"Investigate issue, resolve swiftly"
601,"Investigate UI bug"
698,"Investigate biometric authentication issues"
699,"Improve app navigation"
700,"Investigate biometric authentication issue"
701,"Investigate application issue"
702,"Investigate application process issue"
703,"Send a thank you note for positive feedback"
704,"Improve user interface design"
705,"Thank user for feedback, consider implementing feature request"
706,"Thank you for your feedback, we will consider enhancing banking features."
707,"Improve app navigation"
708,"Acknowledge opinion, ask for more details"
709,"Investigate transaction issue"
710,"Design usability improvements"
711,"Review interest rate models"
712,"Confirm new interest rate request"
713,"Acknowledge feedback, thank user for bringing up issue, improve login process"
714,"Review login process improvements"
715,"Thank you for your positive feedback on the application process. We will continue to improve."
716,"Gather more user feedback on usability"
717,"Investigate, Improve App Navigation"
718,"Investigate usability issue, prioritize fix"
719,"Investigate app glitch causing confusion"
720,"Investigate biometric authentication issues, gather user feedback"
721,"Investigate app usability issue"
722,"Investigate app bugs, improve usability"
723,"Investigate biometric authentication issue"
724,"Investigate login issue"
725,"Investigate issue with banking features"
726,"Investigate and resolve specific interest rate issue"
727,"Investigate interest rate discrepancies"
728,"Investigate usability issue"
729,"Investigate login issue"
730,"Investigate usability issue"
731,"Investigate usability issue"
732,"Investigate banking feature issue"
733,"Investigate issue with banking features"
734,"Investigate login problem"
735,"Identify, prioritize, fix usability issue"
736,"Investigate usability issue"
737,"Investigate usability issue"
738,"Investigate login issue"
739,"Investigate login problem"
740,"Investigate usability issue reported"
741,"Ask for specific improvements"
742,"Investigate transfer issue"
743,"Investigate usability issue"
744,"Investigate, improve usability issue"
745,"Acknowledge request, provide solution"
746,"Investigate usability issue"
747,"Investigate login issues immediately"
748,"Investigate login issues"
749,"Investigate usability issue"
750,"Investigate issue with banking features"
751,"Investigate usability issue"
752,"Thank user for positive feedback, improve login issue"
753,"Investigate usability issue"
754,"Investigate issue with banking features"
755,"Review banking feature improvements"
756,"Investigate interest rate issue"
757,"Improve app navigation, user interface"
758,"Review usability issues"
759,"Investigate login problem"
760,"Investigate login problem"
761,"Investigate, improve app navigation"
762,"Investigate and resolve reported banking feature issue promptly."
763,"Investigate login issues"
764,"Investigate usability issue"
765,"Request more specific banking feature suggestions"
766,"Investigate issue with banking features"
767,"Improve app navigation for smoother user experience"
768,"Check current rates"
769,"Investigate transaction issue"
770,"Investigate app instability"
771,"Revisit application process, gather user feedback"
772,"Thank user for positive feedback, encourage more usage"
773,"Investigate usability issue"
774,"Investigate account closure process issue"
775,"Investigate loan application delay"
776,"Thank you for the feedback. Share improvements with team."
777,"Investigate, Improve sign-up process"
778,"Request app usability feedback"
779,"Acknowledge and thank for valuable Feedback"
780,"Thank user, resolve issue"
781,"Request usability improvements based on user feedback"
782,"Thank you for your positive feedback. Consider sharing your experience with others."
783,"Acknowledge and thank for feedback, offer solution"
784,"Investigate and fix usability issue"
785,"Investigate and resolve account registration issue"
786,"Request more specific feedback on interest rates"
787,"Improve app navigation"
788,"Usability improvements based on user feedback"
789,"Investigate registration issue"
790,"Investigate usability issue"
791,"Investigate issue with Customer Support"
792,"Investigate loan application issue"
793,"Investigate usability issue"
794,"Investigate usability issue"
795,"Investigate usability issue"
796,"Investigate issue, provide solution"
797,"Investigate issue, contact user"
798,"Investigate app crashes and improve stability"
799,"Investigate usability issue"
800,"Investigate loan application issue"
801,"Investigate app usability issue"
802,"Investigate usability issue"
803,"Investigate registration issue"
804,"Investigate interest rate issue"
805,"Investigate usability issues"
806,"Investigate account registration issue"
807,"Review interest rate calculation"
808,"Identify, prioritize, and resolve usability issues"
809,"Investigate account registration issue"
810,"Investigate usability issue"
811,"Investigate app usability issue"
812,"Investigate usability issue"
813,"Review issue details with support team"
814,"Investigate app crashes, improve usability."
815,"Identify, prioritize, and fix usability issues"
816,"Investigate registration issue"
817,"Investigate and fix usability issue"
818,"Investigate app crash issue"
819,"Investigate usability issue"
820,"Investigate usability issue"
821,"Investigate issue with customer support"
822,"Investigate, improve UI"
823,"Investigate usability issue reported"
824,"Investigate issue reported"
825,"Investigate usability issue"
826,"Investigate app crashes, improve UI"
827,"Investigate and fix usability issues"
828,"Investigate issue reported"
829,"Investigate app glitch"
830,"Investigate usability issue"
831,"Investigate usability issue"
832,"Investigate issue, provide resolution"
833,"Investigate, Fix Usability Issue"
834,"Investigate app usability issue"
835,"Investigate and resolve account issue"
836,"Investigate issue with customer support"
837,"Investigate and resolve interest rate issue"
838,"Investigate usability issue"
839,"Investigate account setup problem"
840,"Investigate account setup issues"
841,"Investigate application issue"
842,"Investigate account setup issues"
843,"Investigate account setup issues"
844,"Investigate account setup issue"
845,"Investigate usability issues"
846,"Improve app navigation"
847,"Revisit account setup process"
848,"Investigate and resolve app maintenance issues promptly"
849,"Investigate and resolve reported usability issue"
850,"Investigate issue with customer support"
851,"Usability testing improvements"
852,"Request usability improvements based on user feedback"
853,"Investigate app glitches, improve usability"
854,"Investigate account setup issues"
855,"Investigate, Improve App Navigation"
856,"Investigate usability issue reported"
857,"Request user for more specific usability feedback"
858,"Investigate issue and offer solution"
859,"Investigate and resolve usability issues"
860,"Investigate usability issue"
861,"Gather more user feedback for app usability"
862,"Investigate usability issue"
863,"Investigate account setup process issues"
864,"Investigate usability issues"
865,"Investigate usability issue"
866,"Improve account setup process based on user feedback"
867,"Ask for specific usability improvements"
868,"Investigate issue with Customer Support"
869,"Usability tests for improved design"
870,"Investigate account setup issue"
871,"Investigate usability issue"
872,"Investigate usability issue"
873,"Investigate and resolve usability issue"
874,"Investigate usability issue reported"
875,"Investigate issue, prioritize resolution"
876,"Investigate account setup issue"
877,"Investigate app usability issues"
878,"Investigate issue, ensure timely resolution"
879,"Investigate account setup issue"
880,"Investigate usability issue reported"
881,"Investigate app crashes, improve usability"
882,"Investigate account setup issues"
883,"Investigate issue, prioritize resolution"
884,"Investigate usability issue"
885,"Investigate app crashes for better user experience"
886,"Investigate usability issue"
887,"Investigate usability issue"
888,"Investigate account setup issue"
889,"Investigate usability issue"
890,"Identify usability problem, propose solution"
891,"Investigate issue with Customer Support"
892,"Investigate account setup issue"
893,"Investigate and resolve usability issue"
894,"Investigate usability issue"
895,"Acknowledge issue, provide solution"
896,"Investigate account setup issues"
897,"Investigate usability issue"
898,"Investigate issue, contact user."
899,"Investigate account setup issue"
900,"Investigate usability issue"
901,"Investigate, simplify interface"
902,"Investigate, Improve usability"
903,"Investigate issue with customer support"
904,"Investigate usability issue"
905,"Investigate loan application issue"
906,"Investigate usability issue"
907,"Thank the user for their feedback, explore potential improvements"
908,"Acknowledge appreciation, request feedback"
909,"Investigate usability issue"
910,"Thank you for your feedback! Continue enhancing usability features."
911,"Thank them for their feedback, enhance access features"
912,"Acknowledge praise, gather more user feedback"
913,"Investigate account setup issue"
914,"Thank you for your feedback. Share it with the team."
915,"Acknowledge & Thank for Account Setup Request"
916,"Investigate account setup issue"
917,"Investigate usability issues reported"
918,"Share positive feedback with development team"
919,"Investigate issue further"
920,"Thank user for feedback, continue improving app usability"
921,"Investigate usability issue"
922,"Investigate user issue promptly"
923,"Review loan application process"
924,"Review feedback with team, improve response time"
925,"Review feedback with team, improve response time."
926,"Investigate app glitch, prioritize fix"
927,"Revisit account setup process"
928,"Investigate issue, provide resolution"
929,"Investigate and resolve usability issue"
930,"Review feedback with team, improve response time"
931,"Investigate app usability issue"
932,"Thank you for your kind words about our support team."
933,"Investigate account setup issue"
934,"Improve app navigation"
935,"Investigate usability issue"
936,"Investigate account setup process issue"
937,"Investigate issue with support team"
938,"Investigate app crashes and improve usability"
939,"Investigate usability issue"
940,"Identify, isolate, and fix usability issue"
941,"Investigate issue with Customer Support"
942,"Investigate and fix reported bug"
943,"Investigate issue, prioritize resolution"
944,"Investigate and resolve account setup issues"
945,"Investigate issue with customer support"
946,"Investigate issue with customer support"
947,"Investigate, Improve Usability"
948,"Investigate issue, prioritize resolution"
949,"Investigate usability issue"
950,"Review feedback with team, improve response time"
951,"Investigate & fix usability issue"
952,"Review feedback with team, improve response time"
953,"Investigate usability issue, prioritize fixes"
954,"Thank user for bringing issue to notice, provide update."
955,"Improve app design for better user experience"
956,"Review issue logs, contact user"
957,"Request usability improvements based on user feedback"
958,"Investigate issue with customer support"
959,"Investigate app glitch, improve usability"
960,"Investigate, Improve User Interface"
961,"Investigate app crashes, improve user interface"
962,"Investigate usability issue"
963,"Investigate issue reported"
964,"Investigate usability issue reported"
965,"Investigate usability issue"
966,"Identify, investigate, resolve usability issue"
967,"Investigate account setup process success"
968,"Investigate issue reported"
969,"Acknowledge resolution, thank customer"
970,"Investigate usability issue"
971,"Investigate app usability issue"
972,"Request for Usability Improvements"
973,"Investigate app bugs, improve usability"
974,"Investigate issue with customer support"
975,"Investigate usability issue"
976,"Investigate issue reported"
977,"Request usability improvements based on user feedback"
978,"Ask for specific suggestions to improve rewards program"
979,"Investigate download issues"
980,"Investigate software conflict"
981,"Investigate app crashes, prioritize fixes"
982,"Investigate security vulnerability"
983,"Review rewards program design"
984,"Investigate high interest rate issue"
985,"Investigate app crashes, provide temporary solution"
986,"Investigate app crashes and improve reliability"
987,"Investigate and resolve app crashes"
988,"Investigate and resolve app crashes"
989,"Investigate app crashes"
990,"Investigate app crashes and offer solution."
991,"Investigate app crashes"
992,"Investigate and resolve app crashes"
993,"Investigate app crashes, offer temporary solution"
994,"Investigate app crashes and offer solution"
995,"Investigate app crashes, provide solution"
996,"Investigate app instability issue"
997,"Investigate app crashes"
998,"Investigate app crashes, offer temporary solution"
999,"Investigate and resolve app crashes issue"
1000,"Investigate app crashes, offer resolution"
1001,"Investigate and resolve app crashes"
1002,"Investigate app crashes"
1003,"Investigate app crashes and provide solution"
1004,"Investigate app crashes, offer workaround"
1005,"Investigate app crashes and offer solution"
1006,"Investigate app crashes issue"
1007,"Investigate app crashes, offer temporary solution"
1008,"Investigate app crashes, provide temporary solution"
1009,"Investigate app crashes, provide resolution"
1010,"Investigate and resolve app crashes"
1011,"Investigate and resolve app crashes"
1012,"Investigate app crashes, offer temporary solution"
1013,"Investigate and resolve app crashes"
1014,"Investigate and resolve app crashes"
1015,"Investigate app crashes"
1016,"Investigate app crashes and provide fixes"
1017,"Investigate app crashes"
1018,"Investigate app crashes and offer fixes"
1019,"Investigate app crashes"
1020,"Investigate app crashes, provide updates"
1021,"Investigate and resolve app crashes"
1022,"Investigate app crashes"
1023,"Investigate and resolve app crashes"
1024,"Investigate app crashes"
1025,"Investigate app crashes"
1026,"Investigate app crashes"
1027,"Investigate app crashes, improve reliability."
1028,"Investigate app crashes"
1029,"Investigate app crashes, provide resolution"
1030,"Investigate app crashes, offer compensation"
1031,"Investigate and resolve app crashes"
1032,"Investigate app crashes, offer workaround"
1033,"Investigate app crashes, offer temporary solution"
1034,"Investigate app crashes, offer workarounds"
1035,"Investigate app crashes, offer solution"
1036,"Investigate and resolve app crashes"
1037,"Investigate app crashes, provide update"
1038,"Investigate app crashes, provide temporary solution"
1039,"Investigate app crashes"
1040,"Investigate app crashes, prioritize fixes"
1041,"Investigate and resolve app crashes issue"
1042,"Investigate app crashes and offer solutions"
1043,"Investigate app crashes, provide solution"
1044,"Investigate app crashes"
1045,"Investigate app crashes, provide temporary solution"
1046,"Investigate and fix app crashes"
1047,"Investigate app crashes"
