Review Number,Service Category
2,Mobile Banking Experience
3,Savings Features
4,Interest Rates and Account Management
5,Account Transfer Experience
6,UI/UX Design
7,Account Opening Process
8,Account Accessibility and Transfer Issues
9,UI/UX Design
10,Account Opening Process
11,Payee Management
12,Rewards and Cashback
13,App Performance
14,Digital Banking Services
15,Security Features
16,UI/UX Design
17,UI/UX Design
18,App Features and Functionality
19,Interest Rates and Features
20,Account Transfer Experience
21,Account Accessibility and Service Disruption
22,App Promotion and Usage
23,App Performance
24,App Features and Flexibility
25,App Features and Flexibility
26,App Features and Flexibility
27,Account Opening Process
28,App Sign-Up Issues
29,App Features and Functionality
30,App Sign-Up Issues
31,App Sign-Up Issues
32,UI/UX Design
33,Account Opening Process
34,UI/UX Design
35,UI/UX Design
36,Convenience Features (Linking with Grab)
37,Overall Satisfaction
38,Goal Setting and Tracking
39,App Development and Launch
40,Advertising Transparency
41,Interest Rate Changes
42,App Access Issues
43,UI/UX Design
44,UI/UX Design
45,Overall Satisfaction
46,App Features and Functionality
47,App Access and Security
48,UI/UX Design
49,App Design and User Experience
50,Overall Satisfaction
51,Transparency and Trust
52,App Access and Security
53,UI/UX Design
54,App Features and Functionality
55,App Features and Functionality
56,Account Opening Process
57,UI/UX Design
58,App Issues and Support
59,Account Management
60,App Performance and Service Recovery
61,UI/UX Design
62,UI/UX Design
63,Customer Service
64,Overall Satisfaction
65,Customer Service
66,Interest Rates
67,App Features and Functionality
68,UI/UX Design
69,Account Management
70,Account Management
71,Technical Issues
72,Technical Issues
73,App Access and Security
74,Account Management
75,Loan Services
76,Loan Services
77,App Access Issues
78,Interest Rates
79,Technical Issues
80,Technical Issues
81,App Access and Security
82,Technical Issues
83,Account Management
84,App Features and Functionality
85,Account Opening Process
86,UI/UX Design
87,Account Opening Process
88,App Issues and Support
89,UI/UX Design
90,Account Opening Process
91,Account Opening Process
92,Account Opening Process
93,Customer Service
94,App Features and Functionality
95,Customer Service
96,App Features and Functionality
97,Account Opening Process
98,App Features and Functionality
99,Customer Service
100,Account Opening Process
101, UI/UX Design
102, Customer Service
103, Account Management
104, Interest Rates
105, App Features and Functionality
106, Account Management
107,Technical Issues
108,Account Management
109,Account Opening Process
110,UI/UX Design
111,Account Management
112,Account Access
113,App Usability
114,Account Access
115,App Authenticity
116,Savings Functionality
117,App Usability
118,Bill Payment Functionality
119,App Usability
120,Savings Functionality
121,Account Access
122,App Usability
123,Currency Conversion
124,App Functionality
125,Customer Service Experience
126,Credit Card Services
127,Customer Service Experience
128,Account Access
129,Credit Card Services
130,Credit Card Services
131,Account Access
132,Customer Service Experience
133,Rewards and Coupons
134,Credit Card Services
135,Credit Card Services
136,Account Access
137,Credit Card Services
138,App Functionality
139,Customer Service Experience
140,App Usability
141,App Functionality
142,Credit Card Services
143,App Usability
144,Customer Service Experience
145,Account Access
146,Credit Card Services
147,App Usability
148,Customer Service Experience
149,Credit Card Services
150,Credit Card Services
151,Account Access
152,Credit Card Services
153,App Usability
154,Customer Service Experience
155,Account Access
156,Credit Card Services
157,Customer Service Experience
158,Credit Card Services
159,Customer Service Experience
160,Credit Card Services
161,Customer Service Experience
162,Credit Card Services
163,Customer Service Experience
164,Credit Card Services
165,Customer Service Experience
166,Credit Card Services
167,Customer Service Experience
168,Credit Card Services
169,Customer Service Experience
170,Credit Card Services
171,Customer Service Experience
172,Credit Card Services
173,Customer Service Experience
174,Credit Card Services
175,Customer Service Experience
176,Credit Card Services
177,Customer Service Experience
178,Credit Card Services
179,Customer Service Experience
180,Credit Card Services
181,Customer Service Experience
182,Account Opening Experience
183,Credit Card Application Process
184,Account Opening Experience
185,Account Opening Experience
186,App Performance
187,App Performance
188,Credit Card Features
189,App Technical Issue
190,Login Issue
191,Login Issue
192,App Technical Issue
193,Credit Card Application Process
194,Credit Card Application Process
195,Savings Account Features
196,Credit Card Application Process
197,Savings Account Features
198,Credit Card Payment Issue
199,App Navigation
200,Credit Card Payment Notification
201,Account Opening Experience
202,App Technical Issue
203,Login Issue
204,App Technical Issue
205,App Technical Issue
206,Credit Card Application Process
207,App Technical Issue
208,Credit Card Application Process
209,Late Payment Notification
210,LinkPoints Redemption Process
211,Login Issue
212,Customer Service Experience
213,Customer Service Experience
214,Credit Card Application Process
215,App Technical Issue
216,App Technical Issue
217,App Technical Issue
218,Credit Card Application Process
219,Savings Account Features
220,Credit Card Payment Issue
221,Login Issue
222,Customer Service Experience
223,Credit Card Payment Issue
224,App Performance
225,Login Issue
226,Account Opening Experience
227,Payment Functionality
228,Notification Settings
229,Overall App Experience
230,Account Opening Process
231,Technical Issue
232,Customer Service Experience
233,Account Opening Experience
234,Credit Card Application Process
235,Savings Account Features
236,Technical Issue
237,Savings Account Features
238,App Performance
239,Payment Functionality
240,App Navigation
241,Login Issue
242,Account Opening Experience
243,Credit Card Application Process
244,App Performance
245,Account Opening Experience
246,App Technical Issue
247,App Technical Issue
248,App Technical Issue
249,Credit Card Application Process
250,App Technical Issue
251,App Login Issue
252,Technical Issue
253,Notification Functionality
254,Rewards Program
255,Account Opening Experience
256,Security Measures
257,Rewards Program
258,Login Issue
259,Account Security
260,Technical Issue
261,Savings Account Features
262,Customer Service Experience
263,Rewards Program
264,Rewards Program
265,Account Opening Experience
266,Payment Functionality
267,App Performance
268,Rewards Program
269,App Functionality
270,Technical Issue
271,Rewards Program
272,App Performance
273,Account Opening Experience
274,App Performance
275,Technical Issue
276,Technical Issue
277,Customer Service Experience
278,Rewards Program
279,Technical Issue
280,Account Opening Experience
281,Savings Account Features
282,App Functionality
283,Technical Issue
284,Rewards Program
285,Customer Service Experience
286,Technical Issue
287,Rewards Program
288,Rewards Program
289,App Functionality
290,App Performance
291,Technical Issue
292,Rewards Program
293,App Functionality
294,Customer Service Experience
295,Technical Issue
296,Rewards Program
297,App Functionality
298,App Performance
299,Account Opening Experience
300,Technical Issue
301,Rewards Program
302,Account Opening Experience
303,Technical Issue
304,App Functionality
305,Rewards Program
306,Technical Issue
307,Rewards Program
308,Account Opening Experience
309,Customer Service Experience
310,App Performance
311,Technical Issue
312,Rewards Program
313,App Functionality
314,Technical Issue
315,Rewards Program
316,App Functionality
317,Customer Service Experience
318,Technical Issue
319,Rewards Program
320,Account Opening Experience
321,Rewards Program
322,Credit Card Application Process
323,UI/UX Design
324,Foreign Exchange Services
325,Rewards Program
326,Account Opening Experience
327,Technical Issues
328,App Maintenance
329,UI/UX Design
330,Credit Card Application Process
331,Technical Issues
332,Family Sharing
333,Technical Issues
334,Payment Process
335,Technical Issues
336,Rewards Program
337,Account Customization
338,UI/UX Design
339,Technical Issues
340,Technical Issuesv
341,Technical Issues
342,Customer Service Experience
343,Card Usage Experience
344,UI/UX Design
345,Technical Issues
346,Technical Issues
347,Technical Issues
348,Technical Issues
349,Card Usage Experience
350,Technical Issues
351,Technical Issues
352,Technical Issues
353,Technical Issues
354,Technical Issues
355,Technical Issues
356,Technical Issues
357,Technical Issues
358,Technical Issues
359,Technical Issues
360,Technical Issues
361,Technical Issues
362,Technical Issues
363,Technical Issues
364,Technical Issues
365,Technical Issues
366,Technical Issues
367,Technical Issues
368,Technical Issues
369,Technical Issues
370,Technical Issues
371,Technical Issues
372,Technical Issues
373,Technical Issues
374,Technical Issues
375,Technical Issues
376,Technical Issues
377,Technical Issues
378,Technical Issues
379,Technical Issues
380,Technical Issues
381,Technical Issues
382,Technical Issues
383,Technical Issues
384,Technical Issues
385,Technical Issues
386,Technical Issues
387,Technical Issues
388,Technical Issues
389,Technical Issues
390,Technical Issues
391,Technical Issues
392,Technical Issues
393,Exchange Rates
394,User Experience
395,Technical Issues
396,User Experience
397,Technical Issues
398,User Experience
399,Technical Issues
400,User Experience
401,Technical Issues
402,User Experience
403,Technical Issues
404,User Experience
405,Technical Issues
406,User Experience
407,Technical Issues
408,User Experience
409,Technical Issues
410,User Experience
411,Technical Issues
412,User Experience
413,Technical Issues
414,User Experience
415,Technical Issues
416,User Experience
417,Technical Issues
418,User Experience
419,Technical Issues
420,User Experience
421,Technical Issues
422,User Experience
423,Technical Issues
424,User Experience
425,Technical Issues
426,User Experience
427,Technical Issues
428,User Experience
429,Technical Issues
430,User Experience
431,Technical Issues
432,User Experience
433,Technical Issues
434,User Experience
435,Technical Issues
436,User Experience
437,Technical Issues
438,User Experience
439,Technical Issues
440,User Experience
441,Technical Issues
442,User Experience
443,Technical Issues
444,User Experience
445,Technical Issues
446,User Experience
447,Technical Issues
448,User Experience
449,Technical Issues
450,User Experience
451,Technical Issues
452,User Experience
453,Technical Issues
454,User Experience
455,Technical Issues
456,User Experience
457,Technical Issues
458,User Experience
459,Technical Issues
460,User Experience
461,Technical Issues
462,Interest Rates & Savings
463,Technical Issues
464,User Experience
465,Rewards & Offers
466,Rewards & Offers
467,Technical Issues
468,Technical Issues
469,Technical Issues
470,Technical Issues
471,Technical Issues
472,Technical Issues
473,Technical Issues
474,Technical Issues
475,Technical Issues
476,Technical Issues
477,Technical Issues
478,Technical Issues
479,Technical Issues
480,Technical Issues
481,Technical Issues
482,Rewards & Offers
483,Technical Issues
484,Technical Issues
485,Technical Issues
486,Technical Issues
487,Technical Issues
488,Technical Issues
489,Technical Issues
490,Technical Issues
491,Technical Issues
492,Technical Issues
493,Technical Issues
494,Technical Issues
495,Technical Issues
496,Technical Issues
497,Technical Issues
498,Technical Issues
499,Technical Issues
500,Technical Issues
501,Technical Issues
502,Technical Issues
503,Technical Issues
504,Technical Issues
505,Technical Issues
506,Technical Issues
507,Technical Issues
508,Technical Issues
509,Technical Issues
510,Technical Issues
511,Technical Issues
512,Technical Issues
513,Technical Issues
514,Technical Issues
515,Technical Issues
516,Technical Issues
517,Technical Issues
518,Technical Issues
519,Technical Issues
520,Technical Issues
521,Technical Issues
522,Technical Issues
523,Technical Issues
524,Technical Issues
525,Technical Issues
526,Technical Issues
527,Technical Issues
528,Technical Issues
529,Technical Issues
530,Technical Issues
531,Technical Issues
532,User Experience
533,Technical Issues
534,User Experience
535,Technical Issues
536,Rewards & Offers
537,Technical Issues
538,Technical Issues
539,Technical Issues
540,Technical Issues
541,Technical Issues
542,Technical Issues
543,Technical Issues
544,Technical Issues
545,Technical Issues
546,Technical Issues
547,Technical Issues
548,Technical Issues
549,Technical Issues
550,Technical Issues
551,Technical Issues
552,Technical Issues
553,Technical Issues
554,Technical Issues
555,Technical Issues
556,Technical Issues
557,Technical Issues
558,Technical Issues
559,Technical Issues
560,Technical Issues
561,Technical Issues
562,Technical Issues
563,Technical Issues
564,Technical Issues
565,Technical Issues
566,Technical Issues
567,Technical Issues
568,Technical Issues
569,Technical Issues
570,Technical Issues
571,Technical Issues
572,Technical Issues
573,Technical Issues
574,Technical Issues
575,Technical Issues
576,Technical Issues
577,Technical Issues
578,Technical Issues
579,Technical Issues
580,Technical Issues
581,Technical Issues
582,Technical Issues
583,Technical Issues
584,Technical Issues
585,Technical Issues
586,Technical Issues
587,Technical Issues
588,Technical Issues
589,Technical Issues
590,Technical Issues
591,Technical Issues
592,Technical Issues
593,Technical Issues
594,Technical Issues
595,Technical Issues
596,Technical Issues
597,Technical Issues
598,Technical Issues
599,Technical Issues
600,Technical Issues
601,User Experience
698,Biometric Authentication
699,App Usability
700,Biometric Authentication
701,Application Process
702,Application Process
703,Login Issue
704,App Usability
705,Banking Features
706,Banking Features
707,App Usability
708,Banking Features
709,Banking Features
710,App Usability
711,Interest Rates
712,Interest Rates
713,Login Issue
714,Login Issue
715,Application Process
716,App Usability
717,App Usability
718,App Usability
719,App Usability
720,Biometric Authentication
721,App Usability
722,App Usability
723,Biometric Authentication
724,Login Issue
725,Banking Features
726,Interest Rates
727,Interest Rates
728,App Usability
729,Login Issue
730,App Usability
731,App Usability
732,Banking Features
733,Banking Features
734,Login Issue
735,App Usability
736,App Usability
737,App Usability
738,Login Issue
739,Login Issue
740,App Usability
741,Banking Features
742,Banking Features
743,App Usability
744,App Usability
745,App Usability
746,App Usability
747,Login Issue
748,Login Issue
749,App Usability
750,Banking Features
751,App Usability
752,Login Issue
753,App Usability
754,Banking Features
755,Banking Features
756,Interest Rates
757,App Usability
758,App Usability
759,Login Issue
760,Login Issue
761,App Usability
762,Banking Features
763,Login Issue
764,App Usability
765,Banking Features
766,Banking Features
767,App Usability
768,Interest Rates
769,Banking Features
770,Banking Features
771,Loan Application Process
772,App Usability
773,App Usability
774,Account Closure Process
775,Loan Application Process
776,App Usability
777,Account Registration Process
778,App Usability
779,Banking Features
780,Customer Support
781,App Usability
782,Loan Application Process
783,Customer Support
784,App Usability
785,Account Registration Process
786,Interest Rates
787,App Usability
788,App Usability
789,Account Registration Process
790,App Usability
791,Customer Support
792,Loan Application Process
793,App Usability
794,App Usability
795,App Usability
796,Customer Support
797,Customer Support
798,App Usability
799,App Usability
800,Loan Application Process
801,App Usability
802,App Usability
803,Account Registration Process
804,Interest Rates
805,App Usability
806,Account Registration Process
807,Interest Rates
808,App Usability
809,Account Registration Process
810,App Usability
811,App Usability
812,App Usability
813,Customer Support
814,App Usability
815,App Usability
816,Account Registration Process
817,App Usability
818,App Usability
819,App Usability
820,App Usability
821,Customer Support
822,App Usability
823,App Usability
824,Customer Support
825,App Usability
826,App Usability
827,App Usability
828,Customer Support
829,App Usability
830,App Usability
831,App Usability
832,Customer Support
833,App Usability
834,App Usability
835,Banking Features
836,Customer Support
837,Interest Rates
838,App Usability
839,Account Setup Process
840,Account Setup Process
841,Loan Application Process
842,Account Setup Process
843,Account Setup Process
844,Account Setup Process
845,App Usability
846,App Usability
847,Account Setup Process
848,App Maintenance
849,App Usability
850,Customer Support
851,App Usability
852,App Usability
853,App Usability
854,Account Setup Process
855,App Usability
856,App Usability
857,App Usability
858,Customer Support
859,App Usability
860,App Usability
861,App Usability
862,App Usability
863,Account Setup Process
864,App Usability
865,App Usability
866,Account Setup Process
867,App Usability
868,Customer Support
869,App Usability
870,Account Setup Process
871,App Usability
872,App Usability
873,App Usability
874,App Usability
875,Customer Support
876,Account Setup Process
877,App Usability
878,Customer Support
879,Account Setup Process
880,App Usability
881,App Usability
882,Account Setup Process
883,Customer Support
884,App Usability
885,App Usability
886,App Usability
887,App Usability
888,Account Setup Process
889,App Usability
890,App Usability
891,Customer Support
892,Account Setup Process
893,App Usability
894,App Usability
895,Customer Support
896,Account Setup Process
897,App Usability
898,Customer Support
899,Account Setup Process
900,App Usability
901,App Usability
902,App Usability
903,Customer Support
904,App Usability
905,Loan Application Process
906,App Usability
907,App Usability
908,App Trustworthiness
909,App Usability
910,App Usability
911,Account Information Access
912,App Usability
913,Account Setup Process
914,Customer Support
915,Account Setup Process
916,Account Setup Process
917,App Usability
918,App Usability
919,Customer Support
920,App Usability
921,App Usability
922,Customer Support
923,Loan Application Process
924,Customer Support
925,Customer Support
926,App Usability
927,Account Setup Process
928,Customer Support
929,App Usability
930,Customer Support
931,App Usability
932,Customer Support
933,Account Setup Process
934,App Usability
935,App Usability
936,Account Setup Process
937,Customer Support
938,App Usability
939,App Usability
940,App Usability
941,Customer Support
942,App Usability
943,Customer Support
944,Account Setup Process
945,Customer Support
946,Customer Support
947,App Usability
948,Customer Support
949,App Usability
950,Customer Support
951,App Usability
952,Customer Support
953,App Usability
954,Customer Support
955,App Usability
956,Customer Support
957,App Usability
958,Customer Support
959,App Usability
960,App Usability
961,App Usability
962,App Usability
963,Customer Support
964,App Usability
965,App Usability
966,App Usability
967,Account Setup Process
968,Customer Support
969,Customer Support
970,App Usability
971,App Usability
972,App Usability
973,App Usability
974,Customer Support
975,App Usability
976,Customer Support
977,App Usability
978,Rewards Program
979,App Download/Installation
980,Compatibility with Security Software
981,App Reliability
982,App Security
983,Rewards Program
984,Interest Rates
985,App Reliability
986,App Reliability
987,App Reliability
988,App Reliability
989,App Reliability
990,App Reliability
991,App Reliability
992,App Reliability
993,App Reliability
994,App Reliability
995,App Reliability
996,App Reliability
997,App Reliability
998,App Reliability
999,App Reliability
1000,App Reliability
1001,App Reliability
1002,App Reliability
1003,App Reliability
1004,App Reliability
1005,App Reliability
1006,App Reliability
1007,App Reliability
1008,App Reliability
1009,App Reliability
1010,App Reliability
1011,App Reliability
1012,App Reliability
1013,App Reliability
1014,App Reliability
1015,App Reliability
1016,App Reliability
1017,App Reliability
1018,App Reliability
1019,App Reliability
1020,App Reliability
1021,App Reliability
1022,App Reliability
1023,App Reliability
1024,App Reliability
1025,App Reliability
1026,App Reliability
1027,App Reliability
1028,App Reliability
1029,App Reliability
1030,App Reliability
1031,App Reliability
1032,App Reliability
1033,App Reliability
1034,App Reliability
1035,App Reliability
1036,App Reliability
1037,App Reliability
1038,App Reliability
1039,App Reliability
1040,App Reliability
1041,App Reliability
1042,App Reliability
1043,App Reliability
1044,App Reliability
1045,App Reliability
1046,App Reliability
1047,App Reliability
