"Review Number","Recommendation"
"2","Acknowledge and process request in Mobile Banking"
"3","Acknowledge and thank for positive feedback on savings features"
"4","Investigate account issue with interest rates"
"5","Investigate account transfer issues"
"6","Investigate"
"7","Revisit account opening process design"
"8","Thank you for your feedback. We will improve account accessibility."
"9","Design fixes for identified UI issues"
"10","Acknowledge praise"
"11","Improve payee management interface"
"12","Thank user for feedback"
"13","Investigate app crashes"
"14","Thank you for your feedback"
"15","Improve security feature request"
"16","Thank you for your feedback. Share your design ideas."
"17","Request UI feedback from user"
"18","Thank the user for their positive feedback"
"19","Thank the user for their feedback"
"20","Acknowledge and thank for positive feedback"
"21","Investigate account access issue"
"22","Thank user for feedback"
"23","Acknowledge opinion"
"24","Investigate and resolve issue promptly"
"25","Investigate and address user-requested feature"
"26","Request user for more specific feedback"
"27","Send personalized welcome email"
"28","Improve sign-up process based on user feedback"
"29","Acknowledge and thank user for valuable feedback"
"30","Verify sign-up process"
"31","Investigate sign-up problems"
"32","Thank you for your positive feedback on UI/UX design."
"33","Confirm account opening"
"34","Thank you for the feedback! Share design ideas."
"35","Acknowledge and thank for positive feedback"
"36","Investigate linking issue with Grab"
"37","Acknowledge issue"
"38","Improve user interface for goal setting"
"39","Investigate UI issues based on user feedback"
"40","Review ad transparency policy"
"41","Review interest rate algorithms"
"42","Acknowledge feedback"
"43","Thank you for your feedback. Share your design ideas."
"44","Thank you for your positive feedback on UI/UX. Keep it up!"
"45","Thank user for feedback"
"46","Thank you for your positive feedback. Consider enhancing this feature further."
"47","Request security feedback details"
"48","Revisit design for better user experience"
"49","Thank you for your positive feedback on design. Keep it up!"
"50","Thank you for your positive feedback! Consider sharing your experience with others."
"51","Acknowledge feedback"
"52","Investigate app security issue promptly."
"53","Thank you for your positive feedback on UI/UX. Consider sharing design ideas."
"54","Revisit feature design based on user feedback"
"55","Investigate feature issue"
"56","Acknowledge and thank for positive feedback"
"57","Thank you for your positive feedback! Consider implementing more user-friendly UI features."
"58","Thank user for constructive feedback"
"59","Confirm account update"
"60","Investigate performance issue"
"61","Revisit design principles"
"62","Design fixes for identified UI issues"
"63","Thank user for feedback"
"64","Thank you for your positive feedback. Share with others."
"65","Thank the customer for their feedback"
"66","Thank you for your positive feedback on interest rates. Consider sharing your experience with others."
"67","Investigate and resolve the issue"
"68","Thank you for your feedback! Share more design ideas."
"69","Investigate account issue promptly"
"70","Investigate account issue"
"71","Investigate app bugs"
"72","Investigate issue"
"73","Improve app security features"
"74","Review account issue"
"75","Investigate loan application issue"
"76","Investigate loan issue promptly"
"77","Investigate access issues promptly"
"78","Investigate high interest rates issue"
"79","Investigate issue"
"80","Investigate and resolve technical issue promptly"
"81","Acknowledge feedback"
"82","Investigate issue and provide resolution"
"83","Investigate account issue promptly."
"84","Thank the user for their feedback"
"85","Investigate account opening issue"
"86","Revisit design for better user experience"
"87","Review account opening process steps"
"88","Investigate and resolve issue"
"89","Thank you for your constructive feedback. Share design improvements."
"90","Investigate account opening issue"
"91","Thank user for positive feedback"
"92","Investigate and resolve account opening issue"
"93","Review agent training"
"94","Thank user"
"95","Review agent training"
"96","Investigate and resolve reported bug"
"97","Investigate account opening issue"
"98","Investigate and resolve the identified issue"
"99","Acknowledge resolution"
"100","Investigate account opening issue"
"101","Investigate UI/UX design issue"
"102","Thank you for your feedback. Share with team."
"103","Investigate and resolve account issue promptly"
"104","Investigator: Check interest rate discrepancy"
"105","Investigate feature issue"
"106","Review account management processes"
"107","Thank user for positive feedback on technical issues."
"108","Investigate account issue"
"109","Revisit account opening process"
"110","Investigate design glitch"
"111","Thank user for feedback"
"112","Investigate account access problem"
"113","Thank you for your valuable feedback. We'll consider improvements."
"114","Investigate account access issue"
"115","Investigate reported issue with app authenticity"
"116","Thank user for feedback"
"117","Send thank you note and ask for more details"
"118","Investigate billing issues"
"119","Investigate usability issue"
"120","Investigate savings issue"
"121","Ask for specific improvement suggestions"
"122","Request for detailed feedback on usability improvements"
"123","Ask for more specific feedback on currency conversion"
"124","Investigate and resolve functional issue"
"125","Review agent training"
"126","Investigate issue with credit card services feedback"
"127","Investigate and resolve customer issue"
"128","Investigate and resolve account access issue"
"129","Investigate credit card issue promptly"
"130","Follow up with user about resolved issue"
"131","Thank user for feedback"
"132","Investigate and resolve issue promptly"
"133","Investigate and resolve rewards program issue"
"134","Follow up with user to confirm issue resolution"
"135","Acknowledge feedback"
"136","Investigate account access issue"
"137","Investigate transaction dispute"
"138","Thank you for your feedback! Continue enhancing app functionality."
"139","Investigate issue with customer service interaction"
"140","Improve user interface design"
"141","Investigate issue"
"142","Investigate and resolve issue promptly"
"143","Investigate usability issue reported"
"144","Ask for specific feedback improvements"
"145","Investigate account access issue"
"146","Review credit card fees"
"147","Incorporate user feedback into design"
"148","Review agent training"
"149","Thank user for valuable feedback"
"150","Review credit card rewards program"
"151","Investigate account access issues"
"152","Review credit card fees"
"153","Investigate usability issue"
"154","Investigate issue with customer service interaction"
"155","Investigate account access issue"
"156","Investigate transaction dispute"
"157","Investigate issue"
"158","Investigate and resolve credit card issue"
"159","Investigate issue with customer service interaction"
"160","Investigate credit card issue"
"161","Investigate and resolve issue mentioned"
"162","Investigate credit card transaction issue"
"163","Investigate issue with customer service interaction"
"164","Investigate credit card issue"
"165","Investigate issue with customer service interaction"
"166","Investigate credit card transaction issue"
"167","Investigate issue with customer service"
"168","Investigate credit card transaction issue"
"169","Investigate issue with customer service interaction"
"170","Investigate transaction dispute"
"171","Investigate issue with customer service interaction"
"172","Investigate transaction issue"
"173","Investigate issue with customer service interaction"
"174","Investigate transaction issue"
"175","Investigate issue"
"176","Investigate transaction issue"
"177","Investigate issue with customer service interaction"
"178","Investigate transaction issue"
"179","Investigate and resolve issue promptly"
"180","Investigate issue with credit card services"
"181","Investigate issue with customer service interaction"
"182","Acknowledge positive feedback"
"183","Investigate application issue"
"184","Investigate account opening issue"
"185","Improve account opening process"
"186","Investigate and resolve performance issue"
"187","Investigate performance issues"
"188","Investigate credit card feature issue"
"189","Investigate technical issue"
"190","Investigate login problem"
"191","Investigate login issues"
"192","Investigate and resolve issue"
"193","Investigate application issue"
"194","Investigate application process issue"
"195","Review savings features feedback"
"196","Investigate application delay"
"197","Investigate issue with savings account features"
"198","Investigate credit card payment issue"
"199","Improve App Navigation Based on User Feedback"
"200","Investigate payment notification error"
"201","Investigate account opening issue"
"202","Investigate and resolve technical issue"
"203","Investigate login issue"
"204","Investigate app crash issue"
"205","Investigate and resolve issue"
"206","Investigate application delay"
"207","Investigate issue"
"208","Review application process improvements"
"209","Investigate late notifications"
"210","Investigate redemption issue"
"211","Investigate login issue"
"212","Review agent training"
"213","Review feedback with team"
"214","Investigate application issue"
"215","Investigate issue"
"216","Investigate and resolve the technical issue"
"217","Investigate and resolve technical issue"
"218","Investigate application delay"
"219","Investigate and resolve issue with Savings Account Features"
"220","Investigate payment issue"
"221","Investigate login issue urgently"
"222","Investigate and resolve issue promptly"
"223","Investigate credit card payment glitches"
"224","Investigate app crash issue"
"225","Investigate login issue"
"226","Improve account opening process"
"227","Investigate payment bugs"
"228","Investigate notifications issue"
"229","Investigate and resolve identified issue"
"230","Investigate account opening issue"
"231","Investigate technical issue promptly"
"232","Investigate issue with customer service interaction"
"233","Improve application process"
"234","Investigate application delay issues"
"235","Investigate account issue"
"236","Investigate issue"
"237","Investigate issue with Savings Account Features"
"238","Investigate performance issues"
"239","Investigate payment issue"
"240","Investigate navigation issue"
"241","Investigate login issue"
"242","Investigate account opening issue"
"243","Review application process improvements"
"244","Investigate app lag issue"
"245","Improve onboarding process"
"246","Investigate app issue and provide solution"
"247","Investigate and resolve technical issue"
"248","Investigate issue"
"249","Investigate application delay issues"
"250","Investigate and resolve technical issue"
"251","Investigate login issues"
"252","Investigate issue"
"253","Investigate and resolve notification issues"
"254","Thank user for feedback"
"255","Thank user for feedback"
"256","Thank user for feedback"
"257","Investigate rewards program glitch"
"258","Investigate login issue"
"259","Acknowledge appreciation"
"260","Investigate technical issue promptly"
"261","Investigate issue with savings account features"
"262","Follow up with customer"
"263","Investigate rewards program issues"
"264","Investigate reward program issues"
"265","Request more details on user experience improvements"
"266","Investigate payment glitch"
"267","Investigate app lag issue"
"268","Investigate reward points issue"
"269","Investigate functionality issue"
"270","Investigate and resolve issue"
"271","Investigate rewards program issue"
"272","Investigate app lag issue"
"273","Acknowledge and thank for feedback"
"274","Investigate app crashes"
"275","Investigate issue"
"276","Investigate technical issue urgently"
"277","Investigate issue"
"278","Investigate and resolve rewards program issue"
"279","Investigate issue"
"280","Investigate account opening process issues"
"281","Investigate issue with Savings Account Features"
"282","Review app functionality feedback with development team"
"283","Investigate issue"
"284","Investigate and resolve rewards program issue"
"285","Review case"
"286","Investigate issue"
"287","Investigate rewards glitch"
"288","Investigate and resolve rewards program issue"
"289","Investigate app issue"
"290","Investigate performance issues"
"291","Investigate issue"
"292","Investigate reward point discrepancy"
"293","Investigate and fix functionality issue"
"294","Investigate issue with CS experience"
"295","Investigate issue promptly"
"296","Investigate rewards program issue"
"297","Investigate and fix functionality issue"
"298","Investigate app lag issues"
"299","Investigate account opening issue"
"300","Investigate issue"
"301","Investigate rewards program glitch"
"302","Investigate account opening issue"
"303","Investigate issue"
"304","Investigate and fix functionality issue"
"305","Investigate rewards program issue"
"306","Investigate issue with technical service"
"307","Investigate rewards glitch"
"308","Investigate account opening issue"
"309","Investigate issue"
"310","Investigate app crashes"
"311","Investigate issue"
"312","Investigate rewards glitch"
"313","Gather more user feedback on functionality"
"314","Investigate issue"
"315","Investigate rewards glitch"
"316","Investigate app issue"
"317","Investigate and resolve issue promptly"
"318","Investigate issue"
"319","Investigate rewards glitch"
"320","Investigate account opening glitches"
"321","Acknowledge and thank user for their feedback"
"322","Investigate application process issue"
"323","Thank you for your positive feedback on our UI/UX design."
"324","Thank user for feedback"
"325","Thank user for feedback"
"326","Investigate account opening issue"
"327","Investigate technical issue"
"328","Acknowledge appreciation"
"329","Revisit design for better user experience"
"330","Investigate application processing delays"
"331","Investigate technical issue"
"332","Investigate family sharing bug"
"333","Review app stability feedback"
"334","Thank user for feedback"
"335","Thank user for feedback"
"336","Investigate rewards glitch"
"337","Acknowledge and thank for customization feedback"
"338","Thank you for your positive feedback on our UI/UX design. Continue the good work."
"339","Investigate issue"
"340","Investigate and resolve technical issue"
"341","Investigate technical issue urgently"
"342","Review issue with agent"
"343","Investigate card design issues"
"344","Investigate and resolve UI/UX design issue"
"345","Investigate technical issue promptly"
"346","Investigate and resolve issue promptly"
"347","Investigate technical issue"
"348","Investigate issue promptly"
"349","Investigate card usage issue"
"350","Investigate technical issue"
"351","Investigate and resolve technical issue"
"352","Investigate app crashes"
"353","Investigate and resolve technical issue"
"354","Investigate and resolve technical issue"
"355","Investigate and resolve technical issue"
"356","Investigate issue promptly"
"357","Investigate issue"
"358","Investigate issue"
"359","Investigate and resolve technical issue"
"360","Investigate technical issue"
"361","Investigate issue"
"362","Investigate technical issue promptly"
"363","Investigate technical issue promptly."
"364","Investigate and resolve technical issue"
"365","Investigate and resolve issue"
"366","Investigate technical issue"
"367","Investigate technical issue urgently"
"368","Investigate and resolve technical issue"
"369","Investigate and resolve technical issue"
"370","Investigate technical issue"
"371","Investigate issue"
"372","Investigate technical issue urgently"
"373","Investigate technical issue urgently"
"374","Investigate technical issue"
"375","Investigate technical glitch"
"376","Investigate issue"
"377","Investigate and resolve technical issue"
"378","Investigate and resolve tech issue"
"379","Investigate and resolve technical glitches"
"380","Troubleshoot technical issue"
"381","Investigate issue"
"382","Investigate and resolve technical issues"
"383","Investigate issue with technical service"
"384","Investigate and resolve technical issue"
"385","Investigate and resolve issue"
"386","Investigate app crashes"
"387","Investigate and resolve technical issue"
"388","Investigate technical issue"
"389","Investigate technical issue"
"390","Investigate issue"
"391","Investigate technical issue"
"392","Investigate"
"393","Investigate exchange rate discrepancy"
"394","Investigate UI issues"
"395","Investigate issue"
"396","Thank the user for their feedback"
"397","Investigate and resolve technical issue"
"398","Design overhaul based on user feedback"
"399","Investigate and resolve technical issue"
"400","Investigate UI glitch"
"401","Acknowledge and thank for positive feedback on technical issues"
"402","Investigate and resolve UI issue"
"403","Investigate technical issue"
"404","Thank you for the constructive feedback. We will consider enhancing our user experience."
"405","Investigate and resolve technical issue"
"406","Review UI design with users"
"407","Investigate app crash issue"
"408","Investigate UI bug"
"409","Investigate technical glitch"
"410","Revisit UI design based on user feedback"
"411","Investigate issue"
"412","Investigate UI bug"
"413","Investigate and resolve technical issue"
"414","Investigate UI glitches"
"415","Investigate issue"
"416","Revisit UI design based on user feedback"
"417","Investigate technical issue promptly"
"418","Review UI improvements"
"419","Investigate issue"
"420","Investigate UI bug"
"421","Investigate and resolve issue promptly"
"422","Investigate UI glitch issue"
"423","Investigate app bug"
"424","Investigate UX issue: 'App crashes frequently'"
"425","Investigate and resolve technical issue"
"426","Investigate UI glitch"
"427","Investigate technical issue urgently"
"428","Investigate UI bug"
"429","Investigate and resolve technical issue"
"430","Investigate UX issue reported."
"431","Investigate technical issue"
"432","Investigate UI bug"
"433","Investigate and resolve technical glitch"
"434","Investigate UI bug"
"435","Investigate technical glitch"
"436","Investigate UX issue causing frustration"
"437","Investigate technical issue"
"438","Identify and fix UI bugs"
"439","Investigate and resolve technical issue"
"440","Investigate and resolve UI bug"
"441","Investigate technical issue urgently"
"442","Gather detailed feedback"
"443","Investigate technical issue"
"444","Investigate UI bug"
"445","Investigate and resolve technical issue"
"446","Investigate UI glitches"
"447","Investigate technical issue"
"448","Investigate UI bug"
"449","Investigate technical issue promptly"
"450","Investigate UI glitch issue"
"451","Investigate technical issue"
"452","Investigate UI bugs"
"453","Investigate technical glitch"
"454","Investigate UI bug"
"455","Investigate and resolve technical issue"
"456","Gather specific feedback"
"457","Investigate app crashes"
"458","Investigate user interface bug"
"459","Investigate technical issue promptly"
"460","Investigate UI bug"
"461","Investigate and address technical issues (461)"
"462","Thank user for positive feedback"
"463","Investigate app crash issue"
"464","Investigate user interface improvements"
"465","Thank user for positive feedback"
"466","Thank user for feedback"
"467","Investigate technical issue"
"468","Investigate and resolve technical issue"
"469","Investigate technical issue"
"470","Thank user for feedback"
"471","Investigate and resolve technical issue"
"472","Investigate and resolve technical issue"
"473","Investigate"
"474","Investigate and resolve technical issue"
"475","Investigate issue"
"476","Investigate technical issue"
"477","Investigate issue promptly."
"478","Investigate and resolve technical issue"
"479","Investigate technical issue reported"
"480","Investigate and resolve technical glitches"
"481","Investigate reported issue"
"482","Investigate & Resolve Rewards Issue"
"483","Investigate technical issue promptly"
"484","Investigate and fix reported technical issue"
"485","Investigate technical glitches"
"486","Investigate technical issue"
"487","Investigate issue and provide solution"
"488","Investigate issue"
"489","Investigate technical glitch"
"490","Investigate app crash issue"
"491","Investigate technical issue"
"492","Investigate app crashes"
"493","Investigate issue"
"494","Investigate app crashes"
"495","Investigate technical issue urgently"
"496","Investigate"
"497","Investigate app crashes"
"498","Request more detailed feedback"
"499","Thank user for feedback"
"500","Investigate"
"501","Investigate and resolve technical issue"
"502","Investigate issue"
"503","Investigate"
"504","Investigate and resolve technical issue"
"505","Investigate and resolve technical issue"
"506","Investigate issue"
"507","Investigate technical issue"
"508","Investigate reported technical issue"
"509","Investigate technical issue"
"510","Investigate and resolve technical issue"
"511","Investigate technical issue"
"512","Investigate reported issue"
"513","Investigate reported technical issue"
"514","Investigate and resolve technical issue"
"515","Investigate app crashes"
"516","Investigate technical issue"
"517","Investigate technical problem"
"518","Investigate and resolve technical issue"
"519","Investigate and address reported technical issue"
"520","Investigate technical glitch urgently"
"521","Investigate technical issue"
"522","Investigate technical issue reported"
"523","Investigate bug"
"524","Investigate technical issue"
"525","Investigate and resolve technical issues promptly"
"526","Investigate and resolve issue promptly"
"527","Investigate issue"
"528","Investigate app crash issue"
"529","Investigate technical issue promptly"
"530","Investigate and resolve technical issue"
"531","Investigate and resolve technical issue"
"532","Investigate UI bug"
"533","Investigate issue"
"534","Thank you for your valuable feedback. Share design ideas."
"535","Investigate technical issue"
"536","Thank user for feedback"
"537","Investigate technical issue reported"
"538","Investigate technical issue promptly"
"539","Thank you for the valuable feedback. Share with development team."
"540","Investigate and resolve technical issues"
"541","Identify issue"
"542","Investigate tech issue"
"543","Investigate issue"
"544","Thank user for feedback"
"545","Thank you for your feedback. Share your experience with our dev team."
"546","Investigate technical glitch"
"547","Investigate and resolve technical issue"
"548","Investigate"
"549","Investigate app crashes"
"550","Investigate and resolve technical issue"
"551","Investigate and resolve technical issue"
"552","Thank user for feedback"
"553","Investigate technical issue"
"554","Investigate technical issue reported"
"555","Investigate technical issue"
"556","Acknowledge feedback"
"557","Investigate technical issue urgently"
"558","Investigate reported issue"
"559","Investigate and fix app crashes"
"560","Investigate"
"561","Investigate and resolve tech issue"
"562","Investigate technical issue"
"563","Thank user for feedback"
"564","Investigate issue and provide resolution"
"565","Investigate technical issue reported"
"566","Investigate issue"
"567","Investigate issue and provide solution"
"568","Investigate and resolve technical issues"
"569","Investigate issue promptly"
"570","Investigate and fix reported bug"
"571","Investigate technical issue"
"572","Investigate technical issue immediately"
"573","Investigate app crashes"
"574","Thank user for feedback"
"575","Investigate and resolve technical issue"
"576","Thank user for feedback"
"577","Investigate app crashes and improve stability"
"578","Investigate issue promptly."
"579","Investigate and resolve technical issue"
"580","Investigate"
"581","Investigate technical issue"
"582","Investigate technical issue"
"583","Investigate technical issue urgently"
"584","Thank user for feedback"
"585","Investigate tech issue"
"586","Investigate technical issue"
"587","Identify"
"588","Investigate technical glitch"
"589","Thank user for feedback"
"590","Investigate technical issue"
"591","Investigate issue"
"592","Investigate issue promptly"
"593","Investigate and resolve technical issue"
"594","Investigate app crash issue"
"595","Investigate and resolve issue promptly"
"596","Investigate technical issue"
"597","Thank user for feedback"
"598","Investigate"
"599","Thank you for your feedback. Share feature ideas."
"600","Investigate and resolve identified technical issue"
"601","Investigate UI bug"
"698","Investigate biometric issue"
"699","Improve app design for better user experience"
"700","Investigate biometric issue promptly"
"701","Investigate application issues"
"702","Review application process steps"
"703","Acknowledge and thank for positive feedback"
"704","Usability improvements based on user feedback"
"705","Thank user for feedback"
"706","Thank you for your feedback! We'll consider enhancing the banking features."
"707","Incorporate user feedback into design."
"708","Acknowledge opinion"
"709","Investigate issue with banking feature requests"
"710","Gather more user feedback"
"711","Analyze user feedback"
"712","Acknowledge and provide updated interest rates."
"713","Thank user for feedback"
"714","Investigate login issues"
"715","Acknowledge and thank for positive feedback on application process"
"716","Request usability improvements"
"717","Investigate and resolve usability issue"
"718","Identify"
"719","Investigate app crashes"
"720","Review biometric settings"
"721","Investigate app usability issue"
"722","Investigate app glitches"
"723","Investigate biometric issue"
"724","Investigate login issue promptly"
"725","Investigate issue with banking features"
"726","Investigator: Check account"
"727","Investigate interest rate discrepancies"
"728","Investigate usability issue"
"729","Investigate login problem"
"730","Investigate"
"731","Investigate app glitch"
"732","Investigate banking feature issue"
"733","Investigate and resolve issue with banking features"
"734","Investigate login problem"
"735","Investigate usability issue"
"736","Investigate usability issue"
"737","Investigate app usability issues"
"738","Investigate login issue"
"739","Investigate login issue"
"740","Investigate and resolve usability issue"
"741","Request feature details for improvement"
"742","Investigate and resolve issue with banking features"
"743","Investigate usability issue"
"744","Investigate"
"745","Acknowledge and thank for feedback"
"746","Investigate usability issue"
"747","Investigate login problems"
"748","Investigate and resolve login issue"
"749","Investigate usability issue"
"750","Investigate transaction issue with Banking Features"
"751","Investigate usability issue"
"752","Thank user for feedback"
"753","Investigate usability issue"
"754","Investigate issue with banking features"
"755","Ask for clarification on desired improvements"
"756","Investigate high interest rates issue"
"757","Revise app design based on user feedback"
"758","Usability Improvements Based on User Feedback"
"759","Investigate login issue"
"760","Investigate login issues"
"761","Investigate and resolve UI glitch"
"762","Investigate issue with banking features promptly."
"763","Investigate login problem"
"764","Investigate usability issue"
"765","Request for more specific feedback"
"766","Investigate transaction issue"
"767","Investigate app usability issues"
"768","Check current rates."
"769","Investigate transfer issue"
"770","Investigate and resolve banking issue"
"771","Revisit application process for smoother user experience"
"772","Thank the user for their positive feedback and consider sharing it with the development team"
"773","Investigate usability issue"
"774","Investigate account closure process"
"775","Investigate loan application issue"
"776","Thank you for your feedback. Share improvements with dev team."
"777","Investigate & Resolve Account Registration Issue"
"778","Request for more user testing"
"779","Thank you for your positive feedback. Consider sharing your experience with others."
"780","Acknowledge resolution"
"781","Request usability improvements from developers"
"782","Thank user for positive feedback"
"783","Follow up with user"
"784","Investigate usability issue"
"785","Investigate account registration issue"
"786","Request feedback on desired interest rate features"
"787","Usability improvements based on user feedback"
"788","User interface improvements"
"789","Investigate registration problem"
"790","Investigate UI bug: Review #790 reported an issue with App Usability"
"791","Investigate and resolve issue reported"
"792","Investigate loan application issue"
"793","Investigate usability issue"
"794","Investigate usability issue"
"795","Investigate usability issue"
"796","Investigate issue"
"797","Investigate issue"
"798","Investigate usability issue"
"799","Investigate usability issue"
"800","Investigate loan application issue"
"801","Investigate usability issue"
"802","Investigate"
"803","Investigate registration problem"
"804","Investigate issue with interest rates"
"805","Investigate usability issues reported"
"806","Improve registration flow"
"807","Investigate interest rate issue"
"808","Investigate usability issue reported"
"809","Investigate account registration issue"
"810","Investigate usability issue"
"811","Investigate usability issue"
"812","Investigate"
"813","Investigate issue"
"814","Investigate"
"815","Investigate usability issue"
"816","Investigate registration issue"
"817","Investigate usability issue"
"818","Investigate usability issues"
"819","Investigate usability issue reported"
"820","Investigate usability issue"
"821","Investigate issue with customer support response"
"822","Investigate usability issue reported"
"823","Investigate and resolve UI bug"
"824","Investigate issue reported"
"825","Investigate app usability issue"
"826","Investigate usability issues"
"827","Investigate usability issue"
"828","Investigate issue with customer support"
"829","Investigate app glitch"
"830","Investigate app usability issue reported"
"831","Investigate app navigation issue"
"832","Investigate issue"
"833","Investigate and resolve app usability issue"
"834","Investigate usability issue"
"835","Investigate issue with banking features"
"836","Investigate issue with customer support response."
"837","Investigate issue with Interest Rates section"
"838","Investigate usability issue"
"839","Investigate account setup issues"
"840","Investigate account setup issues"
"841","Investigate loan application issues"
"842","Investigate account setup issues"
"843","Investigate account setup process issue"
"844","Investigate account setup issue"
"845","Investigate and resolve usability issue"
"846","Review app design with users"
"847","Improve account setup process based on user feedback"
"848","Investigate app crashes"
"849","Investigate and resolve app crashes"
"850","Investigate issue"
"851","Improve app navigation for better user experience"
"852","Request feedback details for improvement"
"853","Investigate app usability issue"
"854","Investigate account setup issues"
"855","Investigate usability issue reported"
"856","Investigate app crashes"
"857","Request usability improvements"
"858","Investigate issue reported"
"859","Investigate usability issue"
"860","Identify"
"861","Request for more user feedback"
"862","Investigate app crashes"
"863","Investigate account setup issues"
"864","Improve app navigation"
"865","Investigate app interface glitch"
"866","Revise account setup process"
"867","Request user for more specific feedback on usability issues"
"868","Investigate issue with customer support"
"869","Improve app navigation"
"870","Investigate account setup issue"
"871","Identify"
"872","Investigate usability issue"
"873","Investigate and resolve UI bug"
"874","Investigate and resolve app usability issue"
"875","Investigate issue"
"876","Investigate account setup issues"
"877","Investigate and resolve usability issues"
"878","Investigate issue mentioned"
"879","Investigate account setup issues"
"880","Identify"
"881","Investigate usability issue: Difficulty navigating menu"
"882","Investigate account setup problem"
"883","Investigate issue with customer support"
"884","Investigate usability issue"
"885","Investigate usability issue"
"886","Investigate app bugs"
"887","Investigate"
"888","Investigate account setup process issue"
"889","Investigate usability issue"
"890","Investigate usability issue"
"891","Investigate issue with customer support"
"892","Investigate account setup issue"
"893","Identify"
"894","Investigate usability issue"
"895","Acknowledge resolution"
"896","Investigate account setup issues"
"897","Investigate usability issue"
"898","Investigate issue"
"899","Investigate account setup issues"
"900","Investigate usability issue"
"901","Investigate usability issue"
"902","Investigate"
"903","Investigate issue"
"904","Investigate"
"905","Investigate loan application delay"
"906","Investigate usability issue"
"907","Thank user for feedback"
"908","Acknowledge appreciation"
"909","Investigate usability issue"
"910","Thank you for the feedback! We'll consider enhancing the usability."
"911","Thank you for your feedback. Share it with our development team."
"912","Thank user for positive feedback"
"913","Investigate account setup issue"
"914","Thank the user for their feedback"
"915","Acknowledge and thank for the feedback"
"916","Investigate account setup issue"
"917","Investigate usability issues"
"918","Acknowledge appreciation"
"919","Investigate issue with customer support."
"920","Thank you for your feedback. Share your usability tips with our team."
"921","Investigate usability issue"
"922","Review support ticket"
"923","Investigate application process issues"
"924","Review response and implement feedback improvements"
"925","Review feedback with team"
"926","Investigate usability issue"
"927","Revise account setup process"
"928","Investigate issue"
"929","Investigate and fix usability issues"
"930","Review response strategy"
"931","Investigate usability issue reported in App Usability category."
"932","Thank user for positive feedback"
"933","Investigate account setup issue"
"934","Improve user interface design"
"935","Investigate app bugs"
"936","Investigate account setup issues"
"937","Investigate issue with customer support interaction"
"938","Investigate and resolve usability issue"
"939","Investigate usability issue"
"940","Investigate usability issue"
"941","Investigate issue"
"942","Investigate"
"943","Investigate issue with Customer Support"
"944","Investigate account setup process issue"
"945","Investigate issue reported"
"946","Investigate issue with customer support"
"947","Identify"
"948","Investigate issue"
"949","Investigate usability issue"
"950","Review response strategy"
"951","Investigate app usability issue"
"952","Investigate issue with customer support"
"953","Identify usability issue"
"954","Acknowledge resolution"
"955","Investigate usability issue"
"956","Investigate issue with customer support"
"957","Improve user interface"
"958","Investigate issue"
"959","Identify"
"960","Investigate app crashes"
"961","Investigate app usability issue"
"962","Investigate usability issue"
"963","Investigate issue with customer support"
"964","Investigate app usability issue"
"965","Investigate and resolve UI issue"
"966","Investigate usability issue reported"
"967","Investigate account setup issue"
"968","Investigate issue reported"
"969","Acknowledge resolution"
"970","Investigate usability issue"
"971","Investigate and fix usability issue"
"972","Request usability improvements"
"973","Investigate"
"974","Investigate issue"
"975","Investigate and resolve usability issue"
"976","Investigate issue reported"
"977","Ask for specific improvements"
"978","Request for improvement suggestions"
"979","Investigate download issues"
"980","Investigate security software conflict"
"981","Investigate app instability"
"982","Investigate security issue"
"983","Investigate rewards program issues"
"984","Investigate and resolve interest rate issue"
"985","Investigate and resolve app crashes"
"986","Investigate app crashes"
"987","Investigate app crashes"
"988","Investigate app crashes"
"989","Investigate app crashes"
"990","Investigate app crashes"
"991","Investigate app crashes"
"992","Investigate app crashes"
"993","Investigate app crashes"
"994","Investigate app crashes"
"995","Investigate and resolve app crashes"
"996","Investigate app crashes"
"997","Investigate and resolve app crashes"
"998","Investigate app crashes"
"999","Investigate and resolve app crashes"
"1000","Investigate app crashes"
"1001","Investigate app crashes"
"1002","Investigate app crashes"
"1003","Investigate app crashes"
"1004","Investigate and resolve app crashes"
"1005","Investigate app crashes"
"1006","Investigate app crashes"
"1007","Investigate and resolve app crashes"
"1008","Investigate app crashes"
"1009","Investigate and resolve app crashes"
"1010","Investigate app crashes"
"1011","Investigate app crashes"
"1012","Investigate app crashes"
"1013","Investigate app crashes"
"1014","Investigate app crashes"
"1015","Investigate app crashes"
"1016","Investigate app crashes"
"1017","Investigate app crashes and offer temporary solution"
"1018","Investigate app crashes"
"1019","Investigate app crashes"
"1020","Investigate and resolve app crashes"
"1021","Investigate app crashes"
"1022","Investigate app crashes"
"1023","Investigate app crashes"
"1024","Investigate app crashes"
"1025","Investigate app crashes"
"1026","Investigate app crashes"
"1027","Investigate and resolve app crashes"
"1028","Investigate app crashes and provide solution"
"1029","Investigate app crashes"
"1030","Investigate app crashes"
"1031","Investigate app crashes"
"1032","Investigate app crashes"
"1033","Investigate app crashes"
"1034","Investigate app crashes"
"1035","Investigate app crashes and offer solution"
"1036","Investigate app crashes"
"1037","Investigate app crashes"
"1038","Investigate and resolve app crashes"
"1039","Investigate app crashes"
"1040","Investigate app crashes"
"1041","Investigate app crashes"
"1042","Investigate and resolve app crashes"
"1043","Investigate app crashes"
"1044","Investigate app crashes and provide solution"
"1045","Investigate app crashes"
"1046","Investigate app crashes"
"1047","Investigate app crashes"
